pais,vendas_totais,lucro_medio,lucro_total,total_transacoes
CANADA,5890969.0,9948.008970588236,1014696.915,102
FRANCE,5886237.0,9547.830817307693,992974.405,104
GERMANY,5295155.0,8134.500666666666,854122.57,105
MEXICO,7132460.0,7735.317946428571,866355.61,112
UNITED STATES OF AMERICA,5348148.0,9975.668039215687,1017518.14,102
